INSERT INTO "public"."commission_data" ("month_range", "sales_limit", "percentage_agente") VALUES
('[13,25)', '[0,400000)', '0'),
('[25,)', '[0,400000)', '0'),
('[1,13)', '[0,4000000)', '0.3'),
('[1,13)', '[400000,500000)', '335'),
('[13,25)', '[400000,500000)', '0.01'),
('[25,)', '[400000,500000)', '5'),
('[1,13)', '[500000,700000)', '0.35'),
('[13,25)', '[500000,700000)', '0.0114'),
('[25,)', '[500000,700000)', '0.0054'),
('[1,13)', '[700000,900000)', '0.35387'),
('[13,25)', '[700000,900000)', '0.0129'),
('[25,)', '[700000,900000)', '0.0057'),
('[1,13)', '[900000,1100000)', '0.35769'),
('[13,25)', '[900000,1100000)', '0.0143'),
('[25,)', '[900000,1100000)', '0.0061'),
('[1,13)', '[1100000,1300000)', '0.36154'),
('[13,25)', '[1100000,1300000)', '0.0157'),
('[25,)', '[1100000,1300000)', '0.0064'),
('[1,13)', '[1300000,1500000)', '0.36538'),
('[13,25)', '[1300000,1500000)', '0.0171'),
('[25,)', '[1300000,1500000)', '0.0068'),
('[1,13)', '[1500000,1700000)', '0.36923'),
('[13,25)', '[1500000,1700000)', '0.0186'),
('[25,)', '[1500000,1700000)', '0.0071'),
('[1,13)', '[1700000,1900000)', '0.37308'),
('[13,25)', '[1700000,1900000)', '0.02'),
('[25,)', '[1700000,1900000)', '0.0075'),
('[1,13)', '[1900000,2100000)', '0.37692'),
('[13,25)', '[1900000,2100000)', '0.0214'),
('[25,)', '[1900000,2100000)', '0.0079'),
('[1,13)', '[2100000,2300000)', '0.38077'),
('[13,25)', '[2100000,2300000)', '0.0229'),
('[25,)', '[2100000,2300000)', '0.0082'),
('[1,13)', '[2300000,2500000)', '0.38462'),
('[13,25)', '[2300000,2500000)', '0.0243'),
('[25,)', '[2300000,2500000)', '0.0086'),
('[1,13)', '[2500000,2700000)', '0.38846'),
('[13,25)', '[2500000,2700000)', '0.0257'),
('[25,)', '[2500000,2700000)', '0.0089'),
('[1,13)', '[2700000,2900000)', '0.39231'),
('[13,25)', '[2700000,2900000)', '0.0271'),
('[25,)', '[2700000,2900000)', '0.0093'),
('[1,13)', '[2900000,3100000)', '0.39615'),
('[13,25)', '[2900000,3100000)', '0.0286'),
('[25,)', '[2900000,3100000)', '0.0096'),
('[1,13)', '[3100000,)', '0.4'),
('[13,25)', '[3100000,)', '0.03'),
('[25,)', '[3100000,)', '0.01');

INSERT INTO "public"."commission_office_data" ("month_range", "percentage") VALUES ('[0,2)', '6'), ('[2,13)', '0'), ('[13,25)', '0.1'), ('[26,)', '0.05');

INSERT INTO "public"."polices" ("POLIZA",
                                "INI_VIG_PLAN",
                                "FIN_VIG_PLAN",
                                "INI_VIG_ANUALIDAD",
                                "FIN_VIG_ANUALIDAD",
                                "PLAN",
                                "ESTATUS_POLIZA",
                                "PRIMA_ANUAL",
                                "MONEDA",
                                "FORMA_DE_PAGO",
                                "CONDUCTO_COBRO",
                                "SUMA_ASEGURADA",
                                "AÑO_POLIZA",
                                "CVE_CONTRATANTE",
                                "CONTRATANTE",
                                "DIRECCION_CONT",
                                "TEL_CASA_CONT",
                                "TEL_OFICINA_CONT",
                                "FECHA_NAC_CONT",
                                "CVE_ASEGURADO",
                                "ASEGURADO",
                                "DIRECCION_ASEG",
                                "TEL_CASA_ASEG",
                                "TEL_OFICINA_ASEG",
                                "FECHA_NAC_ASEG",
                                "VALOR_GARANTIZADO_ACTUAL",
                                "VALOR_GARANTIZADO_PROX",
                                "PRESTAMOS",
                                "FONDOS_ADMON",
                                "DCP",
                                "FONDOS_DE_LA_POLIZA",
                                "FONDO_PARA_DEDUCCIONES",
                                "VALOR_RESCATE",
                                "ULTIMA_DEDUCCION",
                                "BENEFICIOS_ADICIONALES")
VALUES ('185905643', '2016-04-16', '2056-04-16', '2025-04-16', '2026-04-15', 'PROTEC. FLEXIBLE VM', 'NO VIGENTE', '8409.2', 'PESOS', 'MENSUAL', 'AGENTE', '0.0', '10', '22917396', 'GOMEZ RAMIREZ MARIA DEL ROSARIO', 'CALLE: Cda 1ra 16 de septiembre  Num.EDIF 3 D  Int.DP 102 COL. U HAB LA MONERA. CP: 55025. Ecatepec de Morelos. Mexico', NULL, NULL, '1956-04-21', '22917396', 'GOMEZ RAMIREZ MARIA DEL ROSARIO', 'CALLE: Cda 1ra 16 de septiembre  Num.EDIF 3 D  Int.DP 102  COL. U HAB LA MONERA. CP: 55025. Ecatepec de Morelos. Mexico', NULL, NULL, '1956-04-21', '            0.000   ', '            0.000   ', 'NO DISPONIBLE    ', '            0.000   ', '            0.000   ', '            0.000   ', '            0.000   ', '            0.000   ', '-        1449.600   ', '; ; ; ; ; ; ; ; ; ; ; ; ; ; ; '),
       ('213240393', '2017-02-01', '2069-02-01', '2025-02-01', '2026-01-31', 'PROTEC. FLEXIBLE VM', 'NO VIGENTE', '7219.26', 'PESOS', 'MENSUAL', 'AGENTE', '0.0', '9', '25764404', 'JAIMES REYES RAMIRO', 'CALLE: LAURA PAVON  Num.203 COL. SANTIAGO TLACOTEPEC. CP: 50255. TOLUCA. MEXICO', NULL, NULL, '1969-03-11', '25764404', 'JAIMES REYES RAMIRO', 'CALLE: LAURA PAVON  Num.203  COL. SANTIAGO TLACOTEPEC. CP: 50255. TOLUCA. MEXICO', NULL, NULL, '1969-03-11', '            0.000   ', '            0.000   ', 'NO DISPONIBLE    ', '            0.000   ', '            0.000   ', '            0.000   ', '            0.000   ', '            0.000   ', '-        3497.440   ', '; ; ; ; ; ; ; ; ; ; ; ; ; ; ; '),
       ('276928678', '2018-07-01', '2077-07-01', '2024-07-01', '2025-06-30', 'PROTEC. FLEXIBLE VM', 'NO VIGENTE', '6468.78', 'PESOS', 'MENSUAL', 'AGENTE', '0.0', '7', '19981034', 'CALDERON LOPEZ SANDRA JANINE', 'CALLE: Fray Pedro de Gante Mza 2  Num.LT 1  Int.13 COL. LAS VEGAS. CP: 56150. TEXCOCO. MEXICO', NULL, NULL, '1979-02-06', '60849259', 'RAMOS AGUIRRE EDUARDO', 'CALLE: FRAY PEDRO DE GANTE  Num.13  Int.MZA 2 LT1  COL. EMBOTELLADORES. CP: 56150. TEXCOCO. MEXICO', NULL, NULL, '1977-08-17', '            0.000   ', '            0.000   ', 'NO DISPONIBLE    ', '            0.000   ', '            0.000   ', '            0.000   ', '            0.000   ', '            0.000   ', '-        7550.060   ', '; ; ; ; ; ; ; ; ; ; ; ; ; ; ; ');

insert into "public"."receipts" ("POLIZA",
                                 "INI_VIG_PLAN",
                                 "FIN_VIG_PLAN",
                                 "INI_VIG_ANUALIDAD",
                                 "FIN_VIG_ANUALIDAD",
                                 "PLAN",
                                 "ESTATUS_POLIZA",
                                 "PRIMA_ANUAL",
                                 "MONEDA",
                                 "FORMA_DE_PAGO",
                                 "CONDUCTO_COBRO",
                                 "SUMA_ASEGURADA",
                                 "AÑO_POLIZA",
                                 "CVE_CONTRATANTE",
                                 "CONTRATANTE",
                                 "DIRECCION_CONT",
                                 "TEL_CASA_CONT",
                                 "TEL_OFICINA_CONT",
                                 "FECHA_NAC_CONT",
                                 "CVE_ASEGURADO",
                                 "ASEGURADO",
                                 "DIRECCION_ASEG",
                                 "TEL_CASA_ASEG",
                                 "TEL_OFICINA_ASEG",
                                 "FECHA_NAC_ASEG",
                                 "NUMERO_RECIBO",
                                 "ESTATUS_RECIBO",
                                 "FECHA_PROG_PAGO",
                                 "FECHA_COBRO",
                                 "IMPORTE_DEL_RECIBO",
                                 "VALOR_GARANTIZADO_ACTUAL",
                                 "VALOR_GARANTIZADO_PROX",
                                 "PRESTAMOS",
                                 "FONDOS_ADMON",
                                 "DCP",
                                 "FONDOS_DE_LA_POLIZA",
                                 "FONDO_PARA_DEDUCCIONES",
                                 "VALOR_RESCATE",
                                 "ULTIMA_DEDUCCION",
                                 "BENEFICIOS_ADICIONALES")
values ('276928678', '2018-07-01', '2077-07-01', '2024-07-01', '2025-06-30', 'PROTEC. FLEXIBLE VM', 'NO VIGENTE', '6468.78', 'PESOS', 'MENSUAL', 'AGENTE', '0.0', '7', '19981034', 'CALDERON LOPEZ SANDRA JANINE', 'CALLE: Fray Pedro de Gante Mza 2  Num.LT 1  Int.13 COL. LAS VEGAS. CP: 56150. TEXCOCO. MEXICO', null, null, '1979-02-06', '60849259', 'RAMOS AGUIRRE EDUARDO', 'CALLE: FRAY PEDRO DE GANTE  Num.13  Int.MZA 2 LT1  COL. EMBOTELLADORES. CP: 56150. TEXCOCO. MEXICO', null, null, '1977-08-17', '19884199451', 'APLICADO', '2021-06-01', '2023-11-24', '429.25', '            0.000   ', '            0.000   ', 'NO DISPONIBLE    ', '            0.000   ', '            0.000   ', '            0.000   ', '            0.000   ', '            0.000   ', '-        7550.060   ', '; ; ; ; ; ; ; ; ; ; ; ; ; ; ; '),
       ('276928678', '2018-07-01', '2077-07-01', '2024-07-01', '2025-06-30', 'PROTEC. FLEXIBLE VM', 'NO VIGENTE', '6468.78', 'PESOS', 'MENSUAL', 'AGENTE', '0.0', '7', '19981034', 'CALDERON LOPEZ SANDRA JANINE', 'CALLE: Fray Pedro de Gante Mza 2  Num.LT 1  Int.13 COL. LAS VEGAS. CP: 56150. TEXCOCO. MEXICO', null, null, '1979-02-06', '60849259', 'RAMOS AGUIRRE EDUARDO', 'CALLE: FRAY PEDRO DE GANTE  Num.13  Int.MZA 2 LT1  COL. EMBOTELLADORES. CP: 56150. TEXCOCO. MEXICO', null, null, '1977-08-17', '19884201671', 'APLICADO', '2021-07-01', '2024-01-11', '449.66', '            0.000   ', '            0.000   ', 'NO DISPONIBLE    ', '            0.000   ', '            0.000   ', '            0.000   ', '            0.000   ', '            0.000   ', '-        7550.060   ', '; ; ; ; ; ; ; ; ; ; ; ; ; ; ; '),
       ('276928678', '2018-07-01', '2077-07-01', '2024-07-01', '2025-06-30', 'PROTEC. FLEXIBLE VM', 'NO VIGENTE', '6468.78', 'PESOS', 'MENSUAL', 'AGENTE', '0.0', '7', '19981034', 'CALDERON LOPEZ SANDRA JANINE', 'CALLE: Fray Pedro de Gante Mza 2  Num.LT 1  Int.13 COL. LAS VEGAS. CP: 56150. TEXCOCO. MEXICO', null, null, '1979-02-06', '60849259', 'RAMOS AGUIRRE EDUARDO', 'CALLE: FRAY PEDRO DE GANTE  Num.13  Int.MZA 2 LT1  COL. EMBOTELLADORES. CP: 56150. TEXCOCO. MEXICO', null, null, '1977-08-17', '19884203541', 'APLICADO', '2021-08-01', '2024-01-12', '449.66', '            0.000   ', '            0.000   ', 'NO DISPONIBLE    ', '            0.000   ', '            0.000   ', '            0.000   ', '            0.000   ', '            0.000   ', '-        7550.060   ', '; ; ; ; ; ; ; ; ; ; ; ; ; ; ; '),
       ('276928678', '2018-07-01', '2077-07-01', '2024-07-01', '2025-06-30', 'PROTEC. FLEXIBLE VM', 'NO VIGENTE', '6468.78', 'PESOS', 'MENSUAL', 'AGENTE', '0.0', '7', '19981034', 'CALDERON LOPEZ SANDRA JANINE', 'CALLE: Fray Pedro de Gante Mza 2  Num.LT 1  Int.13 COL. LAS VEGAS. CP: 56150. TEXCOCO. MEXICO', null, null, '1979-02-06', '60849259', 'RAMOS AGUIRRE EDUARDO', 'CALLE: FRAY PEDRO DE GANTE  Num.13  Int.MZA 2 LT1  COL. EMBOTELLADORES. CP: 56150. TEXCOCO. MEXICO', null, null, '1977-08-17', '20018407301', 'APLICADO', '2021-09-01', '2024-02-15', '449.66', '            0.000   ', '            0.000   ', 'NO DISPONIBLE    ', '            0.000   ', '            0.000   ', '            0.000   ', '            0.000   ', '            0.000   ', '-        7550.060   ', '; ; ; ; ; ; ; ; ; ; ; ; ; ; ; '),
       ('185905643', '2016-04-16', '2056-04-16', '2025-04-16', '2026-04-15', 'PROTEC. FLEXIBLE VM', 'NO VIGENTE', '8409.2', 'PESOS', 'MENSUAL', 'AGENTE', '0.0', '10', '22917396', 'GOMEZ RAMIREZ MARIA DEL ROSARIO', 'CALLE: Cda 1ra 16 de septiembre  Num.EDIF 3 D  Int.DP 102 COL. U HAB LA MONERA. CP: 55025. Ecatepec de Morelos. Mexico', null, null, '1956-04-21', '22917396', 'GOMEZ RAMIREZ MARIA DEL ROSARIO', 'CALLE: Cda 1ra 16 de septiembre  Num.EDIF 3 D  Int.DP 102  COL. U HAB LA MONERA. CP: 55025. Ecatepec de Morelos. Mexico', null, null, '1956-04-21', '20143175221', 'APLICADO', '2021-10-16', '2024-03-23', '614.72', '            0.000   ', '            0.000   ', 'NO DISPONIBLE    ', '            0.000   ', '            0.000   ', '            0.000   ', '            0.000   ', '            0.000   ', '-        1449.600   ', '; ; ; ; ; ; ; ; ; ; ; ; ; ; ; '),
       ('213240393', '2017-02-01', '2069-02-01', '2025-02-01', '2026-01-31', 'PROTEC. FLEXIBLE VM', 'NO VIGENTE', '7219.26', 'PESOS', 'MENSUAL', 'AGENTE', '0.0', '9', '25764404', 'JAIMES REYES RAMIRO', 'CALLE: LAURA PAVON  Num.203 COL. SANTIAGO TLACOTEPEC. CP: 50255. TOLUCA. MEXICO', null, null, '1969-03-11', '25764404', 'JAIMES REYES RAMIRO', 'CALLE: LAURA PAVON  Num.203  COL. SANTIAGO TLACOTEPEC. CP: 50255. TOLUCA. MEXICO', null, null, '1969-03-11', '20230998671', 'APLICADO', '2021-11-01', '2024-01-08', '478.21', '            0.000   ', '            0.000   ', 'NO DISPONIBLE    ', '            0.000   ', '            0.000   ', '            0.000   ', '            0.000   ', '            0.000   ', '-        3497.440   ', '; ; ; ; ; ; ; ; ; ; ; ; ; ; ; '),
       ('276928678', '2018-07-01', '2077-07-01', '2024-07-01', '2025-06-30', 'PROTEC. FLEXIBLE VM', 'NO VIGENTE', '6468.78', 'PESOS', 'MENSUAL', 'AGENTE', '0.0', '7', '19981034', 'CALDERON LOPEZ SANDRA JANINE', 'CALLE: Fray Pedro de Gante Mza 2  Num.LT 1  Int.13 COL. LAS VEGAS. CP: 56150. TEXCOCO. MEXICO', null, null, '1979-02-06', '60849259', 'RAMOS AGUIRRE EDUARDO', 'CALLE: FRAY PEDRO DE GANTE  Num.13  Int.MZA 2 LT1  COL. EMBOTELLADORES. CP: 56150. TEXCOCO. MEXICO', null, null, '1977-08-17', '20251669681', 'APLICADO', '2021-10-01', '2024-02-26', '449.66', '            0.000   ', '            0.000   ', 'NO DISPONIBLE    ', '            0.000   ', '            0.000   ', '            0.000   ', '            0.000   ', '            0.000   ', '-        7550.060   ', '; ; ; ; ; ; ; ; ; ; ; ; ; ; ; '),
       ('276928678', '2018-07-01', '2077-07-01', '2024-07-01', '2025-06-30', 'PROTEC. FLEXIBLE VM', 'NO VIGENTE', '6468.78', 'PESOS', 'MENSUAL', 'AGENTE', '0.0', '7', '19981034', 'CALDERON LOPEZ SANDRA JANINE', 'CALLE: Fray Pedro de Gante Mza 2  Num.LT 1  Int.13 COL. LAS VEGAS. CP: 56150. TEXCOCO. MEXICO', null, null, '1979-02-06', '60849259', 'RAMOS AGUIRRE EDUARDO', 'CALLE: FRAY PEDRO DE GANTE  Num.13  Int.MZA 2 LT1  COL. EMBOTELLADORES. CP: 56150. TEXCOCO. MEXICO', null, null, '1977-08-17', '20251670841', 'APLICADO', '2021-11-01', '2024-03-21', '449.66', '            0.000   ', '            0.000   ', 'NO DISPONIBLE    ', '            0.000   ', '            0.000   ', '            0.000   ', '            0.000   ', '            0.000   ', '-        7550.060   ', '; ; ; ; ; ; ; ; ; ; ; ; ; ; ; '),
       ('213240393', '2017-02-01', '2069-02-01', '2025-02-01', '2026-01-31', 'PROTEC. FLEXIBLE VM', 'NO VIGENTE', '7219.26', 'PESOS', 'MENSUAL', 'AGENTE', '0.0', '9', '25764404', 'JAIMES REYES RAMIRO', 'CALLE: LAURA PAVON  Num.203 COL. SANTIAGO TLACOTEPEC. CP: 50255. TOLUCA. MEXICO', null, null, '1969-03-11', '25764404', 'JAIMES REYES RAMIRO', 'CALLE: LAURA PAVON  Num.203  COL. SANTIAGO TLACOTEPEC. CP: 50255. TOLUCA. MEXICO', null, null, '1969-03-11', '20357016101', 'APLICADO', '2021-12-01', '2024-01-30', '478.21', '            0.000   ', '            0.000   ', 'NO DISPONIBLE    ', '            0.000   ', '            0.000   ', '            0.000   ', '            0.000   ', '            0.000   ', '-        3497.440   ', '; ; ; ; ; ; ; ; ; ; ; ; ; ; ; '),
       ('276928678', '2018-07-01', '2077-07-01', '2024-07-01', '2025-06-30', 'PROTEC. FLEXIBLE VM', 'NO VIGENTE', '6468.78', 'PESOS', 'MENSUAL', 'AGENTE', '0.0', '7', '19981034', 'CALDERON LOPEZ SANDRA JANINE', 'CALLE: Fray Pedro de Gante Mza 2  Num.LT 1  Int.13 COL. LAS VEGAS. CP: 56150. TEXCOCO. MEXICO', null, null, '1979-02-06', '60849259', 'RAMOS AGUIRRE EDUARDO', 'CALLE: FRAY PEDRO DE GANTE  Num.13  Int.MZA 2 LT1  COL. EMBOTELLADORES. CP: 56150. TEXCOCO. MEXICO', null, null, '1977-08-17', '20502961661', 'APLICADO', '2021-12-01', '2024-04-23', '449.66', '            0.000   ', '            0.000   ', 'NO DISPONIBLE    ', '            0.000   ', '            0.000   ', '            0.000   ', '            0.000   ', '            0.000   ', '-        7550.060   ', '; ; ; ; ; ; ; ; ; ; ; ; ; ; ; '),
       ('213240393', '2017-02-01', '2069-02-01', '2025-02-01', '2026-01-31', 'PROTEC. FLEXIBLE VM', 'NO VIGENTE', '7219.26', 'PESOS', 'MENSUAL', 'AGENTE', '0.0', '9', '25764404', 'JAIMES REYES RAMIRO', 'CALLE: LAURA PAVON  Num.203 COL. SANTIAGO TLACOTEPEC. CP: 50255. TOLUCA. MEXICO', null, null, '1969-03-11', '25764404', 'JAIMES REYES RAMIRO', 'CALLE: LAURA PAVON  Num.203  COL. SANTIAGO TLACOTEPEC. CP: 50255. TOLUCA. MEXICO', null, null, '1969-03-11', '20520220291', 'APLICADO', '2022-01-01', '2024-02-27', '478.15', '            0.000   ', '            0.000   ', 'NO DISPONIBLE    ', '            0.000   ', '            0.000   ', '            0.000   ', '            0.000   ', '            0.000   ', '-        3497.440   ', '; ; ; ; ; ; ; ; ; ; ; ; ; ; ; ');

insert into "public"."paid_receipt" ("police", "receipt", "amount", "created_at") values
('276928678', '19884199451', 614.72, '2023-11-24'),